comment_id,user_name,content
1872847469862038,Ánh Ngọc Hoàng,Xin infor dưỡng môi ạ
1873007829846002,Hoàng Diệu Linh,"😱🥶 #Chỉ_99k_Free_Ship có ngay
#Máy_cạo_râu_tự_động_Yandou
mẫu hot bán chạy nhất 2021-2023 𝐦𝐚́𝐲 𝐜𝐚̣𝐨 𝐫𝐚̂𝐮 đ𝐚 𝐧𝐚̆𝐧𝐠, 𝐭𝐡𝐢𝐞̂́𝐭 𝐤𝐞̂́ 𝐧𝐡𝐨̉ 𝐠𝐨̣𝐧 𝐬𝐚𝐧𝐠 𝐭𝐫𝐨̣𝐧𝐠, 𝐥𝐮̛𝐨̛̃𝐢 𝐝𝐚𝐨 𝐦𝐨̉𝐧𝐠 𝐜𝐚̣𝐨 𝐬𝐢𝐞̂𝐮 𝐬𝐚̣𝐜𝐡. Món quà ý nghĩa và thiết thực cho bạn và người thân.
👉👉 Duy Nhất Tại Đây: XẢ KHO PHỤ KIỆN CẮT TÓC 99K, 199K Free Ship
Ưu đãi dành cho 50 khách hàng nhanh tay đặt hàng đầu tiên qua fanpge trên 🌕
Yandou là thương hiệu rất được ưa chuộng với các dòng máy cạo râu, máy wax lông bởi sự bền bỉ, thiết kế thanh gọn và cực kì phong cách cách ☄
• Đặc điểm ưu trội của Máy cạo râu Yandou SCW-301U
- Máy cạo râu Yandou Trắng 301U thiết kế hệ thống lưỡi ngang giúp cắt tỉa râu nhanh chóng và hiệu quả. 🌜
- Thiết kế nhỏ gọn, sang trọng và rất tiện dụng khi có thể mang theo bất cứ đâu 🔥
- Lưỡi dao cạo râu không tiếp xúc trực tiếp với da nên có thể tránh được những tổn thương cho làn da như: đau rát, chảy máu hay trầy xước...
THÔNG SỐ SẢN PHẨM 🌫
- Model: Trắng
- Thân máy: Nhôm
- Thời gian sạc pin 7-8 tiếng
- Công suất: 3W
- Đèn báo sạc: Có
- Chân sạc: Bên trong máy 🌝
- Tháo lắp vệ sinh dễ dàng🍃
- Sản phẩm bao gồm: Lưỡi cạo, lưới bảo vệ, bao da, chổi vệ sinh máy"
